竹鶴ピュアモルト,4904230034971,700,43,4500,アサヒビール株式会社
シングルモルト余市,4904230042204,700,43,4500,アサヒビール株式会社
シングルモルト余市 アロマティックイースト,4904230071228,700,48,20000,アサヒビール株式会社
シングルモルト宮城峡,4904230042297,700,45,4500,アサヒビール株式会社
シングルモルト宮城峡 アロマティックイースト,4904230071235,700,47,20000,アサヒビール株式会社
ニッカ セッション,4904230070153,180,43,1030,アサヒビール株式会社
ニッカ セッション,4904230066156,700,43,3800,アサヒビール株式会社
フロム ザ バレル,4904230100683,500,51,2800,アサヒビール株式会社
グレンゴイン10年,9903000017195,700,40,3800,アサヒビール株式会社
グレンゴイン21年,5010493002851,700,43,15800,アサヒビール株式会社
ブナハーブン12年,5010493002851,700,46,6370,アサヒビール株式会社
ブナハーブン25年,4580216120526,700,46,40000,アサヒビール株式会社
フォートウィリアム,4904230030409,700,40,1330,アサヒビール株式会社
ベン・ネヴィス シングルモルト10年,4904230900276,700,43,4990,アサヒビール株式会社
ベンリアック,0087000653184,700,43,5190,アサヒビール株式会社
ベンリアック,5060399687188,700,46,6300,アサヒビール株式会社
ベンリアック スモーキー,9903000019151,700,46,5330,アサヒビール株式会社
グレンドロナック12年,5060088791646,700,43,5770,アサヒビール株式会社
グレンドロナック15年,5060399687287,700,46,10800,アサヒビール株式会社
グレンドロナック18年,5060088791691,700,46,13080,アサヒビール株式会社
グレンドロナック21年,5060088793473,700,48,17470,アサヒビール株式会社
グレンドロナック トラディショナリーピーテッド,5060399689199,700,48,7600,アサヒビール株式会社
ラングス・シュープリーム・デラックス,4904230401773,700,40,3280,アサヒビール株式会社
ブッシュミルズ,5011007006068,700,40,1790,アサヒビール株式会社
ブッシュミルズ ブラックブッシュ,5011007007102,700,40,2300,アサヒビール株式会社
ブッシュミルズ シングルモルト10年,5055966820037,700,40,3500,アサヒビール株式会社
ブッシュミルズ シングルモルト12年,5055966800190,700,40,4500,アサヒビール株式会社
ブッシュミルズ シングルモルト16年,5055966825025,700,40,9800,アサヒビール株式会社
ブッシュミルズ シングルモルト21年,5010103917940,700,40,19800,アサヒビール株式会社